appel_id;lead_id;commercial_id;commercial_email;date_appel;duree_secondes;statut;campagne_id;campagne_nom
5000;1041;2;jean.martin@assurplus.fr;2026-01-04 19:14:00;7;no_answer;4;4. RDV Devis
5001;1071;7;lea.durand@assurplus.fr;2026-01-16 19:28:00;6;no_answer;3;3. Lead J+3
5002;1034;1;marie.dupont@assurplus.fr;2026-01-10 11:19:00;21;messagerie;1;1. Lead Frais
5003;1071;7;lea.durand@assurplus.fr;2026-01-14 14:45:00;11;no_answer;5;5. Relance
5004;1011;5;emma.robert@assurplus.fr;2026-01-10 16:27:00;20;messagerie;1;1. Lead Frais
5005;1095;8;hugo.moreau@assurplus.fr;2026-01-17 16:34:00;13;busy;2;2. Lead J+1
5006;1102;6;thomas.richard@assurplus.fr;2026-01-01 19:36:00;19;busy;3;3. Lead J+3
5007;1079;2;jean.martin@assurplus.fr;2026-01-12 19:32:00;6;no_answer;2;2. Lead J+1
5008;1036;2;jean.martin@assurplus.fr;2026-01-14 11:57:00;431;connected;2;2. Lead J+1
5009;1051;8;hugo.moreau@assurplus.fr;2026-01-13 19:51:00;15;no_answer;5;5. Relance
5010;1090;8;hugo.moreau@assurplus.fr;2026-01-08 16:52:00;23;messagerie;1;1. Lead Frais
5011;1099;4;lucas.petit@assurplus.fr;2026-01-10 18:20:00;5;no_answer;2;2. Lead J+1
5012;1050;3;sophie.bernard@assurplus.fr;2026-01-05 17:37:00;20;no_answer;1;1. Lead Frais
5013;1016;3;sophie.bernard@assurplus.fr;2026-01-17 11:34:00;16;no_answer;1;1. Lead Frais
5014;1083;4;lucas.petit@assurplus.fr;2026-01-16 19:19:00;570;connected;5;5. Relance
5015;1085;7;lea.durand@assurplus.fr;2026-01-08 11:04:00;284;connected;5;5. Relance
5016;1083;1;marie.dupont@assurplus.fr;2026-01-20 11:04:00;37;repondeur;3;3. Lead J+3
5017;1136;7;lea.durand@assurplus.fr;2026-01-13 19:09:00;30;messagerie;4;4. RDV Devis
5018;1122;1;marie.dupont@assurplus.fr;2026-01-16 15:48:00;20;no_answer;4;4. RDV Devis
5019;1062;8;hugo.moreau@assurplus.fr;2026-01-14 18:47:00;328;connected;5;5. Relance
5020;1069;5;emma.robert@assurplus.fr;2026-01-10 19:25:00;416;connected;1;1. Lead Frais
5021;1104;6;thomas.richard@assurplus.fr;2026-01-01 10:48:00;559;connected;1;1. Lead Frais
5022;1030;4;lucas.petit@assurplus.fr;2026-01-06 18:34:00;105;connected;5;5. Relance
5023;1128;1;marie.dupont@assurplus.fr;2026-01-17 11:39:00;78;connected;2;2. Lead J+1
5024;1116;7;lea.durand@assurplus.fr;2026-01-10 10:42:00;11;no_answer;4;4. RDV Devis
5025;1079;5;emma.robert@assurplus.fr;2026-01-08 17:41:00;8;no_answer;5;5. Relance
5026;1145;4;lucas.petit@assurplus.fr;2026-01-13 11:46:00;5;faux_numero;4;4. RDV Devis
5027;1148;8;hugo.moreau@assurplus.fr;2026-01-09 19:15:00;10;no_answer;2;2. Lead J+1
5028;1019;6;thomas.richard@assurplus.fr;2026-01-20 18:00:00;6;busy;3;3. Lead J+3
5029;1143;5;emma.robert@assurplus.fr;2026-01-14 14:40:00;20;no_answer;5;5. Relance
5030;1072;2;jean.martin@assurplus.fr;2026-01-15 11:40:00;223;connected;4;4. RDV Devis
5031;1076;1;marie.dupont@assurplus.fr;2026-01-19 14:49:00;66;connected;5;5. Relance
5032;1049;7;lea.durand@assurplus.fr;2026-01-17 17:31:00;24;repondeur;2;2. Lead J+1
5033;1091;5;emma.robert@assurplus.fr;2026-01-08 19:30:00;467;connected;4;4. RDV Devis
5034;1124;8;hugo.moreau@assurplus.fr;2026-01-08 19:30:00;18;no_answer;4;4. RDV Devis
5035;1146;2;jean.martin@assurplus.fr;2026-01-17 09:12:00;16;faux_numero;5;5. Relance
5036;1121;5;emma.robert@assurplus.fr;2026-01-06 14:49:00;37;connected;3;3. Lead J+3
5037;1104;6;thomas.richard@assurplus.fr;2026-01-10 14:24:00;484;connected;4;4. RDV Devis
5038;1075;4;lucas.petit@assurplus.fr;2026-01-20 18:04:00;201;connected;1;1. Lead Frais
5039;1071;7;lea.durand@assurplus.fr;2026-01-22 14:47:00;20;busy;3;3. Lead J+3
5040;1116;3;sophie.bernard@assurplus.fr;2026-01-10 18:10:00;11;no_answer;5;5. Relance
5041;1067;5;emma.robert@assurplus.fr;2026-01-06 17:53:00;428;connected;1;1. Lead Frais
5042;1136;7;lea.durand@assurplus.fr;2026-01-17 09:48:00;12;busy;1;1. Lead Frais
5043;1040;7;lea.durand@assurplus.fr;2026-01-19 13:42:00;12;no_answer;1;1. Lead Frais
5044;1144;8;hugo.moreau@assurplus.fr;2026-01-05 09:13:00;6;no_answer;2;2. Lead J+1
5045;1144;8;hugo.moreau@assurplus.fr;2026-01-08 18:44:00;547;connected;1;1. Lead Frais
5046;1090;8;hugo.moreau@assurplus.fr;2026-01-08 19:05:00;20;no_answer;3;3. Lead J+3
5047;1075;7;lea.durand@assurplus.fr;2026-01-17 17:51:00;7;faux_numero;5;5. Relance
5048;1035;4;lucas.petit@assurplus.fr;2026-01-15 19:28:00;38;messagerie;2;2. Lead J+1
5049;1019;6;thomas.richard@assurplus.fr;2026-01-23 17:29:00;15;messagerie;2;2. Lead J+1
5050;1029;7;lea.durand@assurplus.fr;2026-01-14 18:28:00;123;connected;4;4. RDV Devis
5051;1085;7;lea.durand@assurplus.fr;2026-01-17 17:44:00;180;connected;2;2. Lead J+1
5052;1094;5;emma.robert@assurplus.fr;2026-01-22 18:23:00;19;no_answer;1;1. Lead Frais
5053;1025;5;emma.robert@assurplus.fr;2026-01-13 11:09:00;160;connected;1;1. Lead Frais
5054;1115;3;sophie.bernard@assurplus.fr;2026-01-05 14:36:00;325;connected;4;4. RDV Devis
5055;1043;2;jean.martin@assurplus.fr;2026-01-11 15:25:00;16;no_answer;1;1. Lead Frais
5056;1018;3;sophie.bernard@assurplus.fr;2026-01-09 18:16:00;16;no_answer;1;1. Lead Frais
5057;1025;5;emma.robert@assurplus.fr;2026-01-11 11:28:00;22;messagerie;1;1. Lead Frais
5058;1092;4;lucas.petit@assurplus.fr;2026-01-16 17:36:00;20;no_answer;3;3. Lead J+3
5059;1127;6;thomas.richard@assurplus.fr;2026-01-17 17:51:00;18;no_answer;4;4. RDV Devis
5060;1063;1;marie.dupont@assurplus.fr;2026-01-13 10:01:00;17;busy;4;4. RDV Devis
5061;1005;2;jean.martin@assurplus.fr;2026-01-11 11:22:00;31;messagerie;3;3. Lead J+3
5062;1045;8;hugo.moreau@assurplus.fr;2026-01-13 18:50:00;16;repondeur;3;3. Lead J+3
5063;1107;8;hugo.moreau@assurplus.fr;2026-01-10 09:06:00;93;connected;4;4. RDV Devis
5064;1029;7;lea.durand@assurplus.fr;2026-01-07 09:17:00;43;messagerie;5;5. Relance
5065;1032;1;marie.dupont@assurplus.fr;2026-01-10 11:29:00;47;connected;1;1. Lead Frais
5066;1007;4;lucas.petit@assurplus.fr;2026-01-08 17:34:00;16;messagerie;3;3. Lead J+3
5067;1052;2;jean.martin@assurplus.fr;2026-01-19 18:51:00;44;repondeur;4;4. RDV Devis
5068;1139;1;marie.dupont@assurplus.fr;2026-01-12 19:49:00;274;connected;2;2. Lead J+1
5069;1043;2;jean.martin@assurplus.fr;2026-01-01 11:35:00;250;connected;5;5. Relance
5070;1050;3;sophie.bernard@assurplus.fr;2026-01-07 15:40:00;14;no_answer;4;4. RDV Devis
5071;1049;3;sophie.bernard@assurplus.fr;2026-01-11 11:51:00;34;messagerie;1;1. Lead Frais
5072;1076;1;marie.dupont@assurplus.fr;2026-01-15 19:54:00;109;connected;4;4. RDV Devis
5073;1115;3;sophie.bernard@assurplus.fr;2026-01-06 10:14:00;39;connected;3;3. Lead J+3
5074;1093;8;hugo.moreau@assurplus.fr;2026-01-10 15:18:00;26;messagerie;1;1. Lead Frais
5075;1064;6;thomas.richard@assurplus.fr;2026-01-17 18:01:00;29;messagerie;2;2. Lead J+1
5076;1103;6;thomas.richard@assurplus.fr;2026-01-02 14:57:00;6;busy;1;1. Lead Frais
5077;1086;5;emma.robert@assurplus.fr;2026-01-15 16:15:00;26;repondeur;2;2. Lead J+1
5078;1044;4;lucas.petit@assurplus.fr;2026-01-13 19:16:00;230;connected;5;5. Relance
5079;1010;6;thomas.richard@assurplus.fr;2026-01-10 09:51:00;13;no_answer;3;3. Lead J+3
5080;1048;2;jean.martin@assurplus.fr;2026-01-17 16:41:00;19;no_answer;1;1. Lead Frais
5081;1066;2;jean.martin@assurplus.fr;2026-01-12 11:18:00;176;connected;3;3. Lead J+3
5082;1013;6;thomas.richard@assurplus.fr;2026-01-16 10:06:00;11;messagerie;1;1. Lead Frais
5083;1053;1;marie.dupont@assurplus.fr;2026-01-05 13:10:00;354;connected;2;2. Lead J+1
5084;1082;8;hugo.moreau@assurplus.fr;2026-01-08 10:41:00;19;no_answer;3;3. Lead J+3
5085;1148;8;hugo.moreau@assurplus.fr;2026-01-09 17:57:00;78;connected;1;1. Lead Frais
5086;1058;1;marie.dupont@assurplus.fr;2026-01-13 19:33:00;220;connected;2;2. Lead J+1
5087;1129;4;lucas.petit@assurplus.fr;2026-01-18 09:33:00;15;busy;2;2. Lead J+1
5088;1133;3;sophie.bernard@assurplus.fr;2026-01-09 18:20:00;446;connected;4;4. RDV Devis
5089;1059;1;marie.dupont@assurplus.fr;2026-01-12 15:57:00;31;messagerie;5;5. Relance
5090;1123;6;thomas.richard@assurplus.fr;2026-01-05 19:14:00;20;no_answer;2;2. Lead J+1
5091;1043;2;jean.martin@assurplus.fr;2026-01-08 10:40:00;21;messagerie;2;2. Lead J+1
5092;1137;5;emma.robert@assurplus.fr;2026-01-12 18:11:00;18;no_answer;1;1. Lead Frais
5093;1006;4;lucas.petit@assurplus.fr;2026-01-08 09:07:00;45;messagerie;4;4. RDV Devis
5094;1088;;;2026-01-16 10:29:00;185;connected;1;1. Lead Frais
5095;1112;7;lea.durand@assurplus.fr;2026-01-19 17:15:00;13;busy;1;1. Lead Frais
5096;1138;1;marie.dupont@assurplus.fr;2026-01-05 18:58:00;15;no_answer;4;4. RDV Devis
5097;1121;5;emma.robert@assurplus.fr;2026-01-09 09:10:00;18;busy;3;3. Lead J+3
5098;1069;5;emma.robert@assurplus.fr;2026-01-14 17:17:00;15;no_answer;1;1. Lead Frais
5099;1029;7;lea.durand@assurplus.fr;2026-01-15 19:10:00;19;no_answer;4;4. RDV Devis
5100;1053;7;lea.durand@assurplus.fr;2026-01-07 19:59:00;9;faux_numero;3;3. Lead J+3
5101;1106;4;lucas.petit@assurplus.fr;2026-01-09 13:01:00;43;messagerie;1;1. Lead Frais
5102;1088;4;lucas.petit@assurplus.fr;2026-01-16 19:11:00;347;connected;2;2. Lead J+1
5103;1019;6;thomas.richard@assurplus.fr;2026-01-21 17:31:00;8;no_answer;1;1. Lead Frais
5104;1136;7;lea.durand@assurplus.fr;2026-01-20 19:12:00;17;messagerie;2;2. Lead J+1
5105;1026;5;emma.robert@assurplus.fr;2026-01-09 19:16:00;14;no_answer;4;4. RDV Devis
5106;1141;3;sophie.bernard@assurplus.fr;2026-01-20 09:47:00;14;no_answer;4;4. RDV Devis
5107;1016;6;thomas.richard@assurplus.fr;2026-01-11 18:33:00;8;busy;2;2. Lead J+1
5108;1098;3;sophie.bernard@assurplus.fr;2026-01-10 14:01:00;17;busy;4;4. RDV Devis
5109;1028;6;thomas.richard@assurplus.fr;2026-01-17 10:31:00;52;connected;2;2. Lead J+1
5110;1108;5;emma.robert@assurplus.fr;2026-01-20 17:22:00;23;repondeur;5;5. Relance
5111;1052;1;marie.dupont@assurplus.fr;2026-01-24 19:32:00;16;faux_numero;5;5. Relance
5112;1147;5;emma.robert@assurplus.fr;2026-01-09 13:32:00;93;connected;4;4. RDV Devis
5113;1120;8;hugo.moreau@assurplus.fr;2026-01-01 17:07:00;17;no_answer;2;2. Lead J+1
5114;1051;8;hugo.moreau@assurplus.fr;2026-01-11 19:02:00;229;connected;2;2. Lead J+1
5115;1042;6;thomas.richard@assurplus.fr;2026-01-14 09:32:00;22;messagerie;4;4. RDV Devis
5116;1026;5;emma.robert@assurplus.fr;2026-01-05 11:36:00;30;repondeur;4;4. RDV Devis
5117;1055;5;emma.robert@assurplus.fr;2026-01-21 16:42:00;454;connected;5;5. Relance
5118;1055;5;emma.robert@assurplus.fr;2026-01-24 19:05:00;45;messagerie;5;5. Relance
5119;1132;6;thomas.richard@assurplus.fr;2026-01-14 19:00:00;10;no_answer;2;2. Lead J+1
5120;1036;5;emma.robert@assurplus.fr;2026-01-18 17:38:00;6;no_answer;2;2. Lead J+1
5121;1066;2;jean.martin@assurplus.fr;2026-01-19 11:31:00;17;no_answer;5;5. Relance
5122;1091;5;emma.robert@assurplus.fr;2026-01-16 09:49:00;38;messagerie;2;2. Lead J+1
5123;1067;5;emma.robert@assurplus.fr;2026-01-06 18:50:00;133;connected;2;2. Lead J+1
5124;1111;3;sophie.bernard@assurplus.fr;2026-01-08 11:05:00;17;no_answer;1;1. Lead Frais
5125;1068;6;thomas.richard@assurplus.fr;2026-01-12 09:57:00;19;faux_numero;2;2. Lead J+1
5126;1149;5;emma.robert@assurplus.fr;2026-01-03 11:25:00;5;busy;2;2. Lead J+1
5127;1137;5;emma.robert@assurplus.fr;2026-01-05 19:37:00;10;no_answer;2;2. Lead J+1
5128;1037;4;lucas.petit@assurplus.fr;2026-01-14 17:02:00;586;connected;5;5. Relance
5129;10003;6;thomas.richard@assurplus.fr;2026-01-11 19:54:00;9;busy;4;4. RDV Devis
5130;1009;4;lucas.petit@assurplus.fr;2026-01-16 10:14:00;15;no_answer;2;2. Lead J+1
5131;1081;6;thomas.richard@assurplus.fr;2026-01-11 18:17:00;10;busy;4;4. RDV Devis
5132;1049;8;hugo.moreau@assurplus.fr;2026-01-11 16:20:00;7;busy;5;5. Relance
5133;1098;3;sophie.bernard@assurplus.fr;2026-01-05 19:28:00;6;faux_numero;3;3. Lead J+3
5134;1076;1;marie.dupont@assurplus.fr;2026-01-20 16:53:00;397;connected;2;2. Lead J+1
5135;1102;3;sophie.bernard@assurplus.fr;2026-01-08 09:09:00;222;connected;1;1. Lead Frais
5136;1002;3;sophie.bernard@assurplus.fr;2026-01-20 19:51:00;149;connected;2;2. Lead J+1
5137;1067;2;jean.martin@assurplus.fr;2026-01-13 12:31:00;43;messagerie;5;5. Relance
5138;1083;4;lucas.petit@assurplus.fr;2026-01-20 18:31:00;5;faux_numero;2;2. Lead J+1
5139;1058;4;lucas.petit@assurplus.fr;2026-01-14 11:14:00;19;no_answer;4;4. RDV Devis
5140;1087;1;marie.dupont@assurplus.fr;2026-01-17 09:15:00;430;connected;1;1. Lead Frais
5141;1057;1;marie.dupont@assurplus.fr;2026-01-16 09:06:00;6;busy;3;3. Lead J+3
5142;1075;4;lucas.petit@assurplus.fr;2026-01-23 17:39:00;17;no_answer;1;1. Lead Frais
5143;1110;7;lea.durand@assurplus.fr;2026-01-11 18:18:00;377;connected;5;5. Relance
5144;1141;5;emma.robert@assurplus.fr;2026-01-18 18:26:00;10;no_answer;4;4. RDV Devis
5145;1138;1;marie.dupont@assurplus.fr;2026-01-06 18:46:00;17;no_answer;1;1. Lead Frais
5146;1096;8;hugo.moreau@assurplus.fr;2026-01-17 09:25:00;13;messagerie;3;3. Lead J+3
5147;1021;7;lea.durand@assurplus.fr;2026-01-02 18:53:00;485;connected;5;5. Relance
5148;1109;2;jean.martin@assurplus.fr;2026-01-12 18:43:00;12;no_answer;1;1. Lead Frais
5149;1073;2;jean.martin@assurplus.fr;2026-01-11 10:01:00;393;connected;4;4. RDV Devis
5150;1101;8;hugo.moreau@assurplus.fr;2026-01-11 15:11:00;-15;busy;3;3. Lead J+3
5151;1046;3;sophie.bernard@assurplus.fr;2026-01-10 18:28:00;451;connected;1;1. Lead Frais
5152;1059;1;marie.dupont@assurplus.fr;2026-01-16 19:13:00;15;faux_numero;5;5. Relance
5153;1050;3;sophie.bernard@assurplus.fr;2026-01-05 16:11:00;161;connected;1;1. Lead Frais
5154;1063;1;marie.dupont@assurplus.fr;2026-01-15 09:07:00;453;connected;3;3. Lead J+3
5155;1125;4;lucas.petit@assurplus.fr;2026-01-03 14:54:00;15;messagerie;4;4. RDV Devis
5156;1058;4;lucas.petit@assurplus.fr;2026-01-15 14:21:00;265;connected;4;4. RDV Devis
5157;1136;7;lea.durand@assurplus.fr;2026-01-15 17:27:00;306;connected;1;1. Lead Frais
5158;1148;8;hugo.moreau@assurplus.fr;2026-01-14 17:23:00;10;no_answer;3;3. Lead J+3
5159;1112;7;lea.durand@assurplus.fr;2026-01-15 15:53:00;19;no_answer;2;2. Lead J+1
5160;1145;8;hugo.moreau@assurplus.fr;2026-01-15 17:27:00;18;messagerie;5;5. Relance
5161;1092;4;lucas.petit@assurplus.fr;2026-01-16 17:54:00;32;connected;5;5. Relance
5162;1048;2;jean.martin@assurplus.fr;2026-01-10 17:10:00;12;busy;1;1. Lead Frais
5163;1045;3;sophie.bernard@assurplus.fr;2026-01-13 11:20:00;430;connected;1;1. Lead Frais
5164;1097;6;thomas.richard@assurplus.fr;2026-01-07 09:30:00;5;faux_numero;5;5. Relance
5165;1021;7;lea.durand@assurplus.fr;2026-01-04 19:14:00;12;messagerie;4;4. RDV Devis
5166;1072;2;jean.martin@assurplus.fr;2026-01-17 12:47:00;20;no_answer;2;2. Lead J+1
5167;1079;2;jean.martin@assurplus.fr;2026-01-14 18:02:00;16;no_answer;1;1. Lead Frais
5168;1004;1;marie.dupont@assurplus.fr;2026-01-18 15:16:00;264;connected;5;5. Relance
5169;1080;2;jean.martin@assurplus.fr;2026-01-03 18:51:00;17;no_answer;3;3. Lead J+3
5170;1116;1;marie.dupont@assurplus.fr;2026-01-14 16:29:00;19;messagerie;5;5. Relance
5171;1042;3;sophie.bernard@assurplus.fr;2026-01-10 11:09:00;25;messagerie;4;4. RDV Devis
5172;1119;5;emma.robert@assurplus.fr;2026-01-19 16:41:00;13;no_answer;2;2. Lead J+1
5173;1129;4;lucas.petit@assurplus.fr;2026-01-24 09:50:00;156;connected;4;4. RDV Devis
5174;1047;1;marie.dupont@assurplus.fr;2026-01-07 15:18:00;270;connected;1;1. Lead Frais
5175;1146;7;lea.durand@assurplus.fr;2026-01-17 18:59:00;378;connected;4;4. RDV Devis
5176;1149;5;emma.robert@assurplus.fr;2026-01-06 16:24:00;40;connected;2;2. Lead J+1
5177;1061;2;jean.martin@assurplus.fr;2026-01-14 17:52:00;292;connected;2;2. Lead J+1
5178;1079;2;jean.martin@assurplus.fr;2026-01-13 17:54:00;537;connected;1;1. Lead Frais
5179;1116;7;lea.durand@assurplus.fr;2026-01-14 18:27:00;24;messagerie;2;2. Lead J+1
5180;1016;8;hugo.moreau@assurplus.fr;2026-01-13 19:33:00;41;messagerie;4;4. RDV Devis
5181;1066;2;jean.martin@assurplus.fr;2026-01-11 19:36:00;40;messagerie;3;3. Lead J+3
5182;1077;3;sophie.bernard@assurplus.fr;2026-01-06 18:20:00;7;no_answer;4;4. RDV Devis
5183;1117;2;jean.martin@assurplus.fr;2026-01-22 10:09:00;21;messagerie;4;4. RDV Devis
5184;1058;4;lucas.petit@assurplus.fr;2026-01-23 18:17:00;399;connected;5;5. Relance
5185;1010;1;marie.dupont@assurplus.fr;2026-01-14 11:12:00;10;no_answer;1;1. Lead Frais
5186;1008;1;marie.dupont@assurplus.fr;2026-01-14 18:56:00;11;busy;5;5. Relance
5187;1084;1;marie.dupont@assurplus.fr;2026-01-18 19:04:00;575;connected;2;2. Lead J+1
5188;1014;5;emma.robert@assurplus.fr;2026-01-15 18:16:00;45;repondeur;4;4. RDV Devis
5189;1127;6;thomas.richard@assurplus.fr;2026-01-16 16:59:00;20;messagerie;5;5. Relance
5190;1125;4;lucas.petit@assurplus.fr;2026-01-03 16:57:00;164;connected;1;1. Lead Frais
5191;1109;2;jean.martin@assurplus.fr;2026-01-10 18:48:00;19;no_answer;2;2. Lead J+1
5192;1031;4;lucas.petit@assurplus.fr;2026-01-21 13:36:00;19;busy;3;3. Lead J+3
5193;1011;5;emma.robert@assurplus.fr;2026-01-12 09:25:00;17;messagerie;5;5. Relance
5194;1071;7;lea.durand@assurplus.fr;2026-01-20 18:25:00;517;connected;4;4. RDV Devis
5195;1045;5;emma.robert@assurplus.fr;2026-01-10 11:53:00;9;busy;2;2. Lead J+1
5196;1138;1;marie.dupont@assurplus.fr;2026-01-11 17:11:00;27;messagerie;2;2. Lead J+1
5197;1124;8;hugo.moreau@assurplus.fr;2026-01-09 10:05:00;557;connected;4;4. RDV Devis
5198;1113;7;lea.durand@assurplus.fr;2026-01-09 19:50:00;19;no_answer;5;5. Relance
5199;1146;6;thomas.richard@assurplus.fr;2026-01-18 17:08:00;10;no_answer;3;3. Lead J+3
5200;1118;4;wrong.email@assurplus.fr;2026-01-05 18:27:00;494;connected;1;1. Lead Frais
5201;1099;4;lucas.petit@assurplus.fr;2026-01-07 11:08:00;14;no_answer;4;4. RDV Devis
5202;1061;8;hugo.moreau@assurplus.fr;2026-01-11 19:52:00;27;repondeur;1;1. Lead Frais
5203;1109;2;jean.martin@assurplus.fr;2026-01-05 13:40:00;8;busy;2;2. Lead J+1
5204;1033;4;lucas.petit@assurplus.fr;2026-01-14 18:33:00;376;connected;5;5. Relance
5205;1066;2;jean.martin@assurplus.fr;2026-01-15 19:20:00;112;connected;3;3. Lead J+3
5206;1004;1;marie.dupont@assurplus.fr;2026-01-19 18:53:00;24;messagerie;4;4. RDV Devis
5207;1062;8;hugo.moreau@assurplus.fr;2026-01-18 09:28:00;10;busy;2;2. Lead J+1
5208;1044;8;hugo.moreau@assurplus.fr;2026-01-07 18:18:00;230;connected;5;5. Relance
5209;1087;1;marie.dupont@assurplus.fr;2026-01-24 18:49:00;16;busy;5;5. Relance
5210;1082;8;hugo.moreau@assurplus.fr;2026-01-08 12:41:00;5;no_answer;5;5. Relance
5211;1096;3;sophie.bernard@assurplus.fr;2026-01-17 10:06:00;34;messagerie;3;3. Lead J+3
5212;1023;8;hugo.moreau@assurplus.fr;2026-01-17 10:17:00;379;connected;5;5. Relance
5213;1099;4;lucas.petit@assurplus.fr;2026-01-12 17:33:00;9;no_answer;3;3. Lead J+3
5214;1010;1;marie.dupont@assurplus.fr;2026-01-04 11:28:00;564;connected;1;1. Lead Frais
5215;1100;3;sophie.bernard@assurplus.fr;2026-01-21 12:50:00;274;connected;1;1. Lead Frais
5216;1056;8;hugo.moreau@assurplus.fr;2026-01-07 17:08:00;39;connected;5;5. Relance
5217;1016;3;sophie.bernard@assurplus.fr;2026-01-13 19:13:00;526;connected;4;4. RDV Devis
5218;1100;3;sophie.bernard@assurplus.fr;2026-01-25 15:21:00;10;busy;2;2. Lead J+1
5219;1017;2;jean.martin@assurplus.fr;2026-01-19 10:45:00;20;no_answer;5;5. Relance
5220;1124;8;hugo.moreau@assurplus.fr;2026-01-14 17:21:00;18;faux_numero;2;2. Lead J+1
5221;1124;8;hugo.moreau@assurplus.fr;2026-01-17 15:56:00;580;connected;1;1. Lead Frais
5222;1052;1;marie.dupont@assurplus.fr;2026-01-17 19:00:00;8;faux_numero;3;3. Lead J+3
5223;1088;4;lucas.petit@assurplus.fr;2026-01-18 09:29:00;14;busy;4;4. RDV Devis
5224;10007;6;thomas.richard@assurplus.fr;2026-01-03 10:16:00;17;busy;2;2. Lead J+1
5225;1088;4;lucas.petit@assurplus.fr;2026-01-09 17:48:00;18;no_answer;1;1. Lead Frais
5226;1147;4;lucas.petit@assurplus.fr;2026-01-09 14:53:00;158;connected;1;1. Lead Frais
5227;1128;1;marie.dupont@assurplus.fr;2026-01-09 10:59:00;8;no_answer;2;2. Lead J+1
5228;1106;4;lucas.petit@assurplus.fr;2026-01-09 19:53:00;162;connected;3;3. Lead J+3
5229;1111;3;sophie.bernard@assurplus.fr;2026-01-17 14:24:00;496;connected;2;2. Lead J+1
5230;1069;5;emma.robert@assurplus.fr;2026-01-15 18:43:00;15;busy;5;5. Relance
5231;1110;7;lea.durand@assurplus.fr;2026-01-09 10:56:00;11;no_answer;2;2. Lead J+1
5232;1009;4;lucas.petit@assurplus.fr;2026-01-19 09:59:00;513;connected;5;5. Relance
5233;1101;8;hugo.moreau@assurplus.fr;2026-01-13 17:31:00;15;no_answer;1;1. Lead Frais
5234;1087;3;sophie.bernard@assurplus.fr;2026-01-22 11:00:00;20;busy;3;3. Lead J+3
5235;1063;5;emma.robert@assurplus.fr;2026-01-09 19:21:00;40;messagerie;4;4. RDV Devis
5236;1134;3;sophie.bernard@assurplus.fr;2026-01-10 18:56:00;36;messagerie;1;1. Lead Frais
5237;1131;2;jean.martin@assurplus.fr;2026-01-18 19:57:00;5;no_answer;5;5. Relance
5238;1114;3;sophie.bernard@assurplus.fr;2026-01-10 18:51:00;6;busy;3;3. Lead J+3
5239;1097;4;lucas.petit@assurplus.fr;2026-01-11 18:27:00;34;messagerie;3;3. Lead J+3
5240;1126;7;lea.durand@assurplus.fr;2026-01-13 18:40:00;578;connected;2;2. Lead J+1
5241;1049;3;sophie.bernard@assurplus.fr;2026-01-08 10:17:00;19;no_answer;2;2. Lead J+1
5242;1119;5;emma.robert@assurplus.fr;2026-01-22 18:51:00;16;busy;4;4. RDV Devis
5243;1000;8;hugo.moreau@assurplus.fr;2026-01-14 10:52:00;19;faux_numero;5;5. Relance
5244;1078;1;marie.dupont@assurplus.fr;2026-01-11 11:33:00;33;connected;1;1. Lead Frais
5245;1075;5;emma.robert@assurplus.fr;2026-01-16 17:59:00;533;connected;1;1. Lead Frais
5246;1063;1;marie.dupont@assurplus.fr;2026-01-08 09:50:00;532;connected;4;4. RDV Devis
5247;1090;8;hugo.moreau@assurplus.fr;2026-01-08 17:04:00;215;connected;5;5. Relance
5248;1106;4;lucas.petit@assurplus.fr;2026-01-13 18:16:00;160;connected;1;1. Lead Frais
5249;1093;8;hugo.moreau@assurplus.fr;2026-01-05 19:31:00;455;connected;2;2. Lead J+1
5250;1017;2;jean.martin@assurplus.fr;2026-01-14 18:16:00;19;busy;4;4. RDV Devis
5251;1021;7;lea.durand@assurplus.fr;2026-01-10 19:24:00;13;no_answer;1;1. Lead Frais
5252;1023;8;hugo.moreau@assurplus.fr;2026-01-21 19:12:00;416;connected;4;4. RDV Devis
5253;1089;5;emma.robert@assurplus.fr;2026-01-07 11:48:00;40;messagerie;4;4. RDV Devis
5254;1111;3;sophie.bernard@assurplus.fr;2026-01-16 11:20:00;17;no_answer;5;5. Relance
5255;1052;1;marie.dupont@assurplus.fr;2026-01-16 16:53:00;427;connected;4;4. RDV Devis
5256;1020;4;lucas.petit@assurplus.fr;2026-01-13 18:54:00;15;busy;1;1. Lead Frais
5257;1065;8;hugo.moreau@assurplus.fr;2026-01-13 17:18:00;27;messagerie;3;3. Lead J+3
5258;1037;4;lucas.petit@assurplus.fr;2026-01-15 18:39:00;303;connected;5;5. Relance
5259;1087;4;lucas.petit@assurplus.fr;2026-01-17 18:03:00;407;connected;2;2. Lead J+1
5260;1140;2;jean.martin@assurplus.fr;2026-01-15 16:48:00;407;connected;3;3. Lead J+3
5261;1043;2;jean.martin@assurplus.fr;2026-01-06 12:36:00;5;no_answer;3;3. Lead J+3
5262;1047;3;sophie.bernard@assurplus.fr;2026-01-07 17:06:00;164;connected;4;4. RDV Devis
5263;1058;4;lucas.petit@assurplus.fr;2026-01-18 17:14:00;15;no_answer;5;5. Relance
5264;1137;5;emma.robert@assurplus.fr;2026-01-05 18:49:00;229;connected;5;5. Relance
5265;1109;2;jean.martin@assurplus.fr;2026-01-06 15:54:00;8;busy;3;3. Lead J+3
5266;1087;1;marie.dupont@assurplus.fr;2026-01-19 17:36:00;10;busy;1;1. Lead Frais
5267;1041;2;jean.martin@assurplus.fr;2026-01-13 11:27:00;14;repondeur;2;2. Lead J+1
5268;1012;2;jean.martin@assurplus.fr;2026-01-19 14:43:00;17;no_answer;4;4. RDV Devis
5269;1044;8;hugo.moreau@assurplus.fr;2026-01-13 19:53:00;243;connected;5;5. Relance
5270;1012;2;jean.martin@assurplus.fr;2026-01-16 17:28:00;12;messagerie;3;3. Lead J+3
5271;1005;2;jean.martin@assurplus.fr;2026-01-21 12:11:00;19;no_answer;1;1. Lead Frais
5272;1112;7;lea.durand@assurplus.fr;2026-01-22 18:57:00;20;messagerie;2;2. Lead J+1
5273;1033;4;lucas.petit@assurplus.fr;2026-01-19 11:05:00;13;no_answer;2;2. Lead J+1
5274;1137;5;emma.robert@assurplus.fr;2026-01-03 19:25:00;23;repondeur;4;4. RDV Devis
5275;1026;5;emma.robert@assurplus.fr;2026-01-03 11:24:00;581;connected;3;3. Lead J+3
5276;1078;1;marie.dupont@assurplus.fr;2026-01-10 19:51:00;17;busy;3;3. Lead J+3
5277;1014;3;sophie.bernard@assurplus.fr;2026-01-18 17:52:00;5;no_answer;4;4. RDV Devis
5278;1074;1;marie.dupont@assurplus.fr;2026-01-09 18:59:00;276;connected;4;4. RDV Devis
5279;1108;7;lea.durand@assurplus.fr;2026-01-23 17:42:00;10;faux_numero;5;5. Relance
5280;1042;6;thomas.richard@assurplus.fr;2026-01-16 12:50:00;6;no_answer;5;5. Relance
5281;1117;7;lea.durand@assurplus.fr;2026-01-14 17:17:00;16;no_answer;4;4. RDV Devis
5282;1123;6;thomas.richard@assurplus.fr;2026-01-12 17:37:00;120;connected;5;5. Relance
5283;1127;6;thomas.richard@assurplus.fr;2026-01-17 18:14:00;8;no_answer;3;3. Lead J+3
5284;1144;8;hugo.moreau@assurplus.fr;2026-01-09 18:55:00;543;connected;5;5. Relance
5285;1094;5;emma.robert@assurplus.fr;2026-01-15 17:47:00;301;connected;3;3. Lead J+3
5286;1107;8;hugo.moreau@assurplus.fr;2026-01-17 09:01:00;99;connected;2;2. Lead J+1
5287;1030;4;lucas.petit@assurplus.fr;2026-01-14 11:16:00;32;messagerie;2;2. Lead J+1
5288;1027;6;thomas.richard@assurplus.fr;2026-01-17 19:03:00;167;connected;2;2. Lead J+1
5289;1143;7;lea.durand@assurplus.fr;2026-01-13 17:56:00;15;no_answer;4;4. RDV Devis
5290;1147;1;marie.dupont@assurplus.fr;2026-01-05 11:03:00;6;busy;5;5. Relance
5291;1028;6;thomas.richard@assurplus.fr;2026-01-15 19:13:00;16;faux_numero;1;1. Lead Frais
5292;1106;4;lucas.petit@assurplus.fr;2026-01-15 17:03:00;10;no_answer;2;2. Lead J+1
5293;1031;4;lucas.petit@assurplus.fr;2026-01-24 14:51:00;427;connected;2;2. Lead J+1
5294;1103;6;thomas.richard@assurplus.fr;2026-01-04 18:32:00;213;connected;2;2. Lead J+1
5295;1105;5;emma.robert@assurplus.fr;2026-01-13 19:49:00;164;connected;1;1. Lead Frais
5296;1023;8;hugo.moreau@assurplus.fr;2026-01-17 11:57:00;12;no_answer;3;3. Lead J+3
5297;1097;5;emma.robert@assurplus.fr;2026-01-05 11:07:00;118;connected;3;3. Lead J+3
5298;1089;5;emma.robert@assurplus.fr;2026-01-06 19:24:00;10;no_answer;4;4. RDV Devis
5299;1068;6;thomas.richard@assurplus.fr;2026-01-04 17:05:00;573;connected;3;3. Lead J+3
5300;1146;1;marie.dupont@assurplus.fr;2026-01-14 14:38:00;-8;connected;4;4. RDV Devis
5301;1050;3;sophie.bernard@assurplus.fr;2026-01-09 17:56:00;6;busy;2;2. Lead J+1
5302;1036;5;emma.robert@assurplus.fr;2026-01-19 17:57:00;14;no_answer;5;5. Relance
5303;1019;6;thomas.richard@assurplus.fr;2026-01-21 16:57:00;17;no_answer;3;3. Lead J+3
5304;1081;6;thomas.richard@assurplus.fr;2026-01-11 17:57:00;552;connected;2;2. Lead J+1
5305;1050;3;sophie.bernard@assurplus.fr;2026-01-15 19:04:00;251;connected;4;4. RDV Devis
5306;1050;3;sophie.bernard@assurplus.fr;2026-01-13 12:53:00;475;connected;5;5. Relance
5307;1029;7;lea.durand@assurplus.fr;2026-01-13 17:43:00;422;connected;1;1. Lead Frais
5308;1048;2;jean.martin@assurplus.fr;2026-01-19 13:35:00;11;no_answer;5;5. Relance
5309;1074;1;marie.dupont@assurplus.fr;2026-01-11 10:28:00;15;no_answer;3;3. Lead J+3
5310;1132;4;lucas.petit@assurplus.fr;2026-01-04 16:42:00;14;no_answer;2;2. Lead J+1
5311;1123;6;thomas.richard@assurplus.fr;2026-01-07 17:34:00;301;connected;4;4. RDV Devis
5312;1142;1;marie.dupont@assurplus.fr;2026-01-20 19:01:00;20;no_answer;5;5. Relance
5313;1105;2;jean.martin@assurplus.fr;2026-01-22 11:47:00;7;no_answer;2;2. Lead J+1
5314;1147;2;jean.martin@assurplus.fr;2026-01-10 11:32:00;20;no_answer;2;2. Lead J+1
5315;1019;6;thomas.richard@assurplus.fr;2026-01-21 18:42:00;595;connected;5;5. Relance
5316;1003;2;jean.martin@assurplus.fr;2026-01-11 17:45:00;333;connected;3;3. Lead J+3
5317;1047;1;marie.dupont@assurplus.fr;2026-01-16 18:24:00;103;connected;1;1. Lead Frais
5318;1107;8;hugo.moreau@assurplus.fr;2026-01-18 10:58:00;16;busy;5;5. Relance
5319;1094;5;emma.robert@assurplus.fr;2026-01-19 18:17:00;449;connected;4;4. RDV Devis
5320;1052;1;marie.dupont@assurplus.fr;2026-01-18 19:39:00;32;messagerie;5;5. Relance
5321;1074;1;marie.dupont@assurplus.fr;2026-01-09 10:08:00;14;no_answer;3;3. Lead J+3
5322;1040;4;lucas.petit@assurplus.fr;2026-01-11 16:55:00;42;messagerie;1;1. Lead Frais
5323;1141;6;thomas.richard@assurplus.fr;2026-01-17 17:09:00;502;connected;2;2. Lead J+1
5324;1099;4;lucas.petit@assurplus.fr;2026-01-11 17:17:00;12;busy;2;2. Lead J+1
5325;1019;6;thomas.richard@assurplus.fr;2026-01-20 15:04:00;15;no_answer;5;5. Relance
5326;1035;3;sophie.bernard@assurplus.fr;2026-01-19 18:14:00;8;no_answer;2;2. Lead J+1
5327;1034;2;jean.martin@assurplus.fr;2026-01-07 19:50:00;525;connected;4;4. RDV Devis
5328;1029;7;lea.durand@assurplus.fr;2026-01-13 09:57:00;284;connected;1;1. Lead Frais
5329;1071;7;lea.durand@assurplus.fr;2026-01-16 14:02:00;29;messagerie;1;1. Lead Frais
5330;1103;6;thomas.richard@assurplus.fr;2026-01-02 16:18:00;316;connected;3;3. Lead J+3
5331;1044;8;hugo.moreau@assurplus.fr;2026-01-15 17:36:00;32;connected;3;3. Lead J+3
5332;1118;4;lucas.petit@assurplus.fr;2026-01-09 19:44:00;399;connected;2;2. Lead J+1
5333;1008;1;marie.dupont@assurplus.fr;2026-01-07 17:52:00;14;no_answer;4;4. RDV Devis
5334;1101;8;hugo.moreau@assurplus.fr;2026-01-10 19:11:00;16;faux_numero;5;5. Relance
5335;1021;7;lea.durand@assurplus.fr;2026-01-05 19:44:00;6;busy;4;4. RDV Devis
5336;1039;4;lucas.petit@assurplus.fr;2026-01-12 19:55:00;16;no_answer;3;3. Lead J+3
5337;1147;4;lucas.petit@assurplus.fr;2026-01-09 19:45:00;18;no_answer;1;1. Lead Frais
5338;1115;3;sophie.bernard@assurplus.fr;2026-01-03 18:54:00;9;faux_numero;5;5. Relance
5339;1025;5;emma.robert@assurplus.fr;2026-01-08 11:16:00;11;no_answer;3;3. Lead J+3
5340;1112;7;lea.durand@assurplus.fr;2026-01-19 17:33:00;9;no_answer;4;4. RDV Devis
5341;1084;2;jean.martin@assurplus.fr;2026-01-15 10:26:00;35;messagerie;5;5. Relance
5342;1090;2;jean.martin@assurplus.fr;2026-01-17 17:05:00;6;no_answer;1;1. Lead Frais
5343;1059;1;marie.dupont@assurplus.fr;2026-01-20 17:04:00;16;faux_numero;3;3. Lead J+3
5344;1149;5;emma.robert@assurplus.fr;2026-01-12 16:15:00;18;messagerie;4;4. RDV Devis
5345;1123;6;thomas.richard@assurplus.fr;2026-01-06 18:56:00;28;messagerie;1;1. Lead Frais
5346;1046;3;sophie.bernard@assurplus.fr;2026-01-09 11:40:00;212;connected;5;5. Relance
5347;1001;7;lea.durand@assurplus.fr;2026-01-11 17:44:00;132;connected;5;5. Relance
5348;1085;5;emma.robert@assurplus.fr;2026-01-12 10:59:00;16;no_answer;3;3. Lead J+3
5349;1050;3;sophie.bernard@assurplus.fr;2026-01-13 13:38:00;9;no_answer;1;1. Lead Frais
5350;1034;2;jean.martin@assurplus.fr;2026-01-14 09:34:00;312;connected;3;3. Lead J+3
5351;1008;1;marie.dupont@assurplus.fr;2026-01-12 09:09:00;8;faux_numero;2;2. Lead J+1
5352;1109;1;marie.dupont@assurplus.fr;2026-01-10 16:55:00;552;connected;5;5. Relance
5353;1037;4;lucas.petit@assurplus.fr;2026-01-15 17:47:00;27;messagerie;1;1. Lead Frais
5354;1077;3;sophie.bernard@assurplus.fr;2026-01-07 16:36:00;217;connected;1;1. Lead Frais
5355;1104;6;thomas.richard@assurplus.fr;2026-01-03 10:08:00;16;busy;4;4. RDV Devis
5356;1072;2;jean.martin@assurplus.fr;2026-01-14 19:43:00;390;connected;3;3. Lead J+3
5357;9999;2;jean.martin@assurplus.fr;2026-01-18 11:03:00;7;no_answer;1;1. Lead Frais
5358;1026;5;emma.robert@assurplus.fr;2026-01-09 10:15:00;461;connected;3;3. Lead J+3
5359;1083;4;lucas.petit@assurplus.fr;2026-01-20 12:15:00;16;no_answer;3;3. Lead J+3
5360;1007;4;lucas.petit@assurplus.fr;2026-01-12 19:17:00;5;no_answer;2;2. Lead J+1
5361;1122;7;lea.durand@assurplus.fr;2026-01-18 17:12:00;521;connected;5;5. Relance
5362;1057;8;hugo.moreau@assurplus.fr;2026-01-12 09:20:00;20;no_answer;4;4. RDV Devis
5363;1106;4;lucas.petit@assurplus.fr;2026-01-15 12:27:00;15;no_answer;1;1. Lead Frais
5364;1010;1;marie.dupont@assurplus.fr;2026-01-04 18:15:00;14;messagerie;3;3. Lead J+3
5365;1115;3;sophie.bernard@assurplus.fr;2026-01-12 12:25:00;34;repondeur;5;5. Relance
5366;1014;6;thomas.richard@assurplus.fr;2026-01-15 09:38:00;14;no_answer;5;5. Relance
5367;1135;5;emma.robert@assurplus.fr;2026-01-06 19:45:00;235;connected;2;2. Lead J+1
5368;1135;5;emma.robert@assurplus.fr;2026-01-02 16:41:00;20;no_answer;3;3. Lead J+3
5369;1033;4;lucas.petit@assurplus.fr;2026-01-19 10:17:00;14;messagerie;1;1. Lead Frais
5370;1145;8;hugo.moreau@assurplus.fr;2026-01-20 11:41:00;9;no_answer;4;4. RDV Devis
5371;1084;2;jean.martin@assurplus.fr;2026-01-24 18:22:00;19;no_answer;1;1. Lead Frais
5372;1139;1;marie.dupont@assurplus.fr;2026-01-13 17:04:00;20;no_answer;1;1. Lead Frais
5373;1024;2;jean.martin@assurplus.fr;2026-01-21 17:43:00;5;no_answer;2;2. Lead J+1
5374;1044;;;2026-01-14 09:51:00;64;connected;1;1. Lead Frais
5375;1141;6;thomas.richard@assurplus.fr;2026-01-21 18:56:00;15;no_answer;5;5. Relance
5376;1114;3;sophie.bernard@assurplus.fr;2026-01-17 15:10:00;73;connected;5;5. Relance
5377;1052;1;marie.dupont@assurplus.fr;2026-01-23 09:32:00;7;no_answer;5;5. Relance
5378;1127;6;thomas.richard@assurplus.fr;2026-01-24 17:05:00;364;connected;4;4. RDV Devis
5379;1008;1;marie.dupont@assurplus.fr;2026-01-16 14:39:00;42;messagerie;3;3. Lead J+3
5380;1019;6;thomas.richard@assurplus.fr;2026-01-21 19:56:00;11;no_answer;3;3. Lead J+3
5381;1010;8;hugo.moreau@assurplus.fr;2026-01-07 18:33:00;18;no_answer;3;3. Lead J+3
5382;1042;6;thomas.richard@assurplus.fr;2026-01-14 18:49:00;14;busy;2;2. Lead J+1
5383;1068;6;thomas.richard@assurplus.fr;2026-01-07 18:57:00;8;no_answer;3;3. Lead J+3
5384;1085;7;lea.durand@assurplus.fr;2026-01-09 17:19:00;71;connected;4;4. RDV Devis
5385;1040;1;marie.dupont@assurplus.fr;2026-01-17 12:35:00;578;connected;4;4. RDV Devis
5386;1030;4;lucas.petit@assurplus.fr;2026-01-07 19:02:00;400;connected;4;4. RDV Devis
5387;1089;5;emma.robert@assurplus.fr;2026-01-06 14:06:00;6;no_answer;5;5. Relance
5388;1057;8;hugo.moreau@assurplus.fr;2026-01-16 18:15:00;394;connected;4;4. RDV Devis
5389;1105;2;jean.martin@assurplus.fr;2026-01-15 15:55:00;563;connected;4;4. RDV Devis
5390;1077;3;sophie.bernard@assurplus.fr;2026-01-10 10:17:00;10;no_answer;5;5. Relance
5391;1110;7;lea.durand@assurplus.fr;2026-01-14 17:03:00;5;no_answer;1;1. Lead Frais
5392;1048;2;jean.martin@assurplus.fr;2026-01-14 18:06:00;215;connected;3;3. Lead J+3
5393;1103;6;thomas.richard@assurplus.fr;2026-01-03 12:20:00;13;faux_numero;3;3. Lead J+3
5394;1025;5;emma.robert@assurplus.fr;2026-01-04 17:07:00;9;no_answer;2;2. Lead J+1
5395;1106;4;lucas.petit@assurplus.fr;2026-01-09 13:13:00;29;messagerie;4;4. RDV Devis
5396;1110;7;lea.durand@assurplus.fr;2026-01-12 17:38:00;10;busy;3;3. Lead J+3
5397;1091;5;emma.robert@assurplus.fr;2026-01-11 10:42:00;14;no_answer;2;2. Lead J+1
5398;1086;;;2026-01-16 14:06:00;49;connected;1;1. Lead Frais
5399;1027;6;thomas.richard@assurplus.fr;2026-01-11 10:36:00;12;no_answer;2;2. Lead J+1
5400;1112;7;autre.email@assurplus.fr;2026-01-24 19:36:00;16;faux_numero;3;3. Lead J+3
5401;1021;7;lea.durand@assurplus.fr;2026-01-09 18:32:00;10;no_answer;5;5. Relance
5402;1041;2;jean.martin@assurplus.fr;2026-01-04 19:05:00;10;busy;4;4. RDV Devis
5403;1132;4;lucas.petit@assurplus.fr;2026-01-09 16:49:00;42;messagerie;2;2. Lead J+1
5404;1002;3;sophie.bernard@assurplus.fr;2026-01-18 19:09:00;10;no_answer;5;5. Relance
5405;1149;5;emma.robert@assurplus.fr;2026-01-08 18:27:00;406;connected;4;4. RDV Devis
5406;1111;3;sophie.bernard@assurplus.fr;2026-01-11 10:04:00;335;connected;5;5. Relance
5407;1132;4;lucas.petit@assurplus.fr;2026-01-14 18:04:00;550;connected;2;2. Lead J+1
5408;1124;8;hugo.moreau@assurplus.fr;2026-01-09 19:13:00;11;no_answer;2;2. Lead J+1
5409;1015;5;emma.robert@assurplus.fr;2026-01-19 18:04:00;15;busy;3;3. Lead J+3
5410;1089;5;emma.robert@assurplus.fr;2026-01-05 09:18:00;13;no_answer;5;5. Relance
5411;1022;4;lucas.petit@assurplus.fr;2026-01-15 16:36:00;16;messagerie;4;4. RDV Devis
5412;1025;5;emma.robert@assurplus.fr;2026-01-13 09:05:00;10;no_answer;2;2. Lead J+1
5413;1074;1;marie.dupont@assurplus.fr;2026-01-08 17:39:00;59;connected;2;2. Lead J+1
5414;1124;8;hugo.moreau@assurplus.fr;2026-01-11 09:32:00;217;connected;2;2. Lead J+1
5415;1069;5;emma.robert@assurplus.fr;2026-01-09 18:23:00;14;no_answer;5;5. Relance
5416;1135;5;emma.robert@assurplus.fr;2026-01-02 18:18:00;15;no_answer;5;5. Relance
5417;1033;4;lucas.petit@assurplus.fr;2026-01-16 19:23:00;7;no_answer;4;4. RDV Devis
5418;1037;4;lucas.petit@assurplus.fr;2026-01-15 19:13:00;399;connected;1;1. Lead Frais
5419;1122;1;marie.dupont@assurplus.fr;2026-01-20 19:04:00;14;no_answer;3;3. Lead J+3
5420;1037;4;lucas.petit@assurplus.fr;2026-01-07 16:08:00;33;messagerie;1;1. Lead Frais
5421;1108;5;emma.robert@assurplus.fr;2026-01-22 18:52:00;465;connected;3;3. Lead J+3
5422;1105;2;jean.martin@assurplus.fr;2026-01-14 18:23:00;359;connected;3;3. Lead J+3
5423;1081;6;thomas.richard@assurplus.fr;2026-01-04 14:41:00;530;connected;4;4. RDV Devis
5424;1066;2;jean.martin@assurplus.fr;2026-01-11 17:11:00;44;messagerie;3;3. Lead J+3
5425;1117;5;emma.robert@assurplus.fr;2026-01-12 11:14:00;25;messagerie;1;1. Lead Frais
5426;1104;2;jean.martin@assurplus.fr;2026-01-07 13:08:00;11;busy;5;5. Relance
5427;1022;4;lucas.petit@assurplus.fr;2026-01-14 19:20:00;299;connected;3;3. Lead J+3
5428;1091;5;emma.robert@assurplus.fr;2026-01-12 18:05:00;244;connected;5;5. Relance
5429;1065;8;hugo.moreau@assurplus.fr;2026-01-12 17:00:00;249;connected;1;1. Lead Frais
5430;1076;7;lea.durand@assurplus.fr;2026-01-10 18:27:00;585;connected;5;5. Relance
5431;1021;7;lea.durand@assurplus.fr;2026-01-05 19:14:00;418;connected;5;5. Relance
5432;1054;8;hugo.moreau@assurplus.fr;2026-01-14 13:09:00;508;connected;1;1. Lead Frais
5433;1131;2;jean.martin@assurplus.fr;2026-01-15 17:55:00;488;connected;1;1. Lead Frais
5434;1106;4;lucas.petit@assurplus.fr;2026-01-14 19:44:00;11;messagerie;5;5. Relance
5435;1144;8;hugo.moreau@assurplus.fr;2026-01-09 09:23:00;9;no_answer;3;3. Lead J+3
5436;1120;3;sophie.bernard@assurplus.fr;2026-01-06 11:50:00;10;messagerie;2;2. Lead J+1
5437;1044;8;hugo.moreau@assurplus.fr;2026-01-18 10:36:00;12;busy;5;5. Relance
5438;1059;1;marie.dupont@assurplus.fr;2026-01-20 19:04:00;10;faux_numero;4;4. RDV Devis
5439;1049;3;sophie.bernard@assurplus.fr;2026-01-13 09:12:00;19;busy;5;5. Relance
5440;1121;4;lucas.petit@assurplus.fr;2026-01-11 17:44:00;279;connected;2;2. Lead J+1
5441;1032;2;jean.martin@assurplus.fr;2026-01-14 18:47:00;13;busy;1;1. Lead Frais
5442;1143;7;lea.durand@assurplus.fr;2026-01-16 12:07:00;37;messagerie;2;2. Lead J+1
5443;1116;6;thomas.richard@assurplus.fr;2026-01-05 12:26:00;6;busy;5;5. Relance
5444;1131;4;lucas.petit@assurplus.fr;2026-01-21 18:13:00;44;messagerie;3;3. Lead J+3
5445;1002;3;sophie.bernard@assurplus.fr;2026-01-15 19:20:00;572;connected;1;1. Lead Frais
5446;1101;7;lea.durand@assurplus.fr;2026-01-09 10:47:00;8;no_answer;1;1. Lead Frais
5447;1023;8;hugo.moreau@assurplus.fr;2026-01-25 10:58:00;15;faux_numero;3;3. Lead J+3
5448;1133;5;emma.robert@assurplus.fr;2026-01-06 17:58:00;20;no_answer;5;5. Relance
5449;1047;1;marie.dupont@assurplus.fr;2026-01-16 17:58:00;20;busy;3;3. Lead J+3
5450;1025;5;emma.robert@assurplus.fr;2026-01-10 17:45:00;334;connected;5;5. Relance
5451;1031;4;lucas.petit@assurplus.fr;2026-01-18 19:05:00;9;no_answer;1;1. Lead Frais
5452;1083;5;emma.robert@assurplus.fr;2026-01-18 10:33:00;17;no_answer;2;2. Lead J+1
5453;1125;4;lucas.petit@assurplus.fr;2026-01-03 16:46:00;14;busy;2;2. Lead J+1
5454;1143;8;hugo.moreau@assurplus.fr;2026-01-09 18:39:00;19;busy;5;5. Relance
5455;1012;8;hugo.moreau@assurplus.fr;2026-01-12 17:43:00;213;connected;2;2. Lead J+1
5456;1087;1;marie.dupont@assurplus.fr;2026-01-15 11:40:00;17;busy;5;5. Relance
5457;1118;4;lucas.petit@assurplus.fr;2026-01-07 18:50:00;16;no_answer;2;2. Lead J+1
5458;1148;8;hugo.moreau@assurplus.fr;2026-01-06 17:32:00;10;busy;5;5. Relance
5459;1119;5;emma.robert@assurplus.fr;2026-01-18 19:08:00;16;busy;4;4. RDV Devis
5460;1139;1;marie.dupont@assurplus.fr;2026-01-12 19:23:00;5;no_answer;4;4. RDV Devis
5461;1049;3;sophie.bernard@assurplus.fr;2026-01-17 19:27:00;20;no_answer;2;2. Lead J+1
5462;1024;2;jean.martin@assurplus.fr;2026-01-18 09:43:00;480;connected;4;4. RDV Devis
5463;1091;5;emma.robert@assurplus.fr;2026-01-09 17:49:00;5;no_answer;4;4. RDV Devis
5464;1041;2;jean.martin@assurplus.fr;2026-01-07 19:15:00;474;connected;3;3. Lead J+3
5465;1072;2;jean.martin@assurplus.fr;2026-01-14 19:29:00;11;faux_numero;3;3. Lead J+3
5466;1063;1;marie.dupont@assurplus.fr;2026-01-08 11:12:00;44;messagerie;5;5. Relance
5467;1105;2;jean.martin@assurplus.fr;2026-01-17 12:37:00;314;connected;4;4. RDV Devis
5468;1099;3;sophie.bernard@assurplus.fr;2026-01-12 10:54:00;366;connected;1;1. Lead Frais
5469;1045;5;emma.robert@assurplus.fr;2026-01-10 17:25:00;448;connected;4;4. RDV Devis
5470;1044;8;hugo.moreau@assurplus.fr;2026-01-15 19:59:00;22;messagerie;4;4. RDV Devis
5471;1047;1;marie.dupont@assurplus.fr;2026-01-12 13:14:00;10;no_answer;5;5. Relance
5472;1129;4;lucas.petit@assurplus.fr;2026-01-21 17:53:00;399;connected;1;1. Lead Frais
5473;1121;5;emma.robert@assurplus.fr;2026-01-05 19:38:00;16;faux_numero;4;4. RDV Devis
5474;1021;7;lea.durand@assurplus.fr;2026-01-09 19:53:00;12;messagerie;2;2. Lead J+1
5475;1075;1;marie.dupont@assurplus.fr;2026-01-22 19:03:00;146;connected;2;2. Lead J+1
5476;1004;1;marie.dupont@assurplus.fr;2026-01-18 14:28:00;580;connected;3;3. Lead J+3
5477;1140;2;jean.martin@assurplus.fr;2026-01-17 17:52:00;331;connected;4;4. RDV Devis
5478;1013;6;thomas.richard@assurplus.fr;2026-01-22 18:25:00;19;busy;2;2. Lead J+1
5479;1008;1;marie.dupont@assurplus.fr;2026-01-15 16:32:00;23;repondeur;2;2. Lead J+1
5480;1010;1;marie.dupont@assurplus.fr;2026-01-11 11:39:00;470;connected;1;1. Lead Frais
5481;1141;6;thomas.richard@assurplus.fr;2026-01-23 12:06:00;10;no_answer;4;4. RDV Devis
5482;1062;8;hugo.moreau@assurplus.fr;2026-01-13 13:28:00;20;no_answer;1;1. Lead Frais
5483;1101;8;hugo.moreau@assurplus.fr;2026-01-07 17:34:00;34;messagerie;2;2. Lead J+1
5484;1052;1;marie.dupont@assurplus.fr;2026-01-16 18:11:00;499;connected;4;4. RDV Devis
5485;1075;4;lucas.petit@assurplus.fr;2026-01-16 16:23:00;17;repondeur;3;3. Lead J+3
5486;1124;8;hugo.moreau@assurplus.fr;2026-01-17 15:41:00;13;no_answer;2;2. Lead J+1
5487;1145;8;hugo.moreau@assurplus.fr;2026-01-16 10:09:00;15;no_answer;4;4. RDV Devis
5488;1123;6;thomas.richard@assurplus.fr;2026-01-14 17:15:00;16;no_answer;2;2. Lead J+1
5489;1036;5;emma.robert@assurplus.fr;2026-01-14 14:17:00;532;connected;2;2. Lead J+1
5490;1037;4;lucas.petit@assurplus.fr;2026-01-16 12:43:00;200;connected;1;1. Lead Frais
5491;1114;3;sophie.bernard@assurplus.fr;2026-01-18 16:49:00;34;repondeur;4;4. RDV Devis
5492;1006;4;lucas.petit@assurplus.fr;2026-01-10 13:26:00;94;connected;1;1. Lead Frais
5493;1035;3;sophie.bernard@assurplus.fr;2026-01-18 19:51:00;20;no_answer;5;5. Relance
5494;1082;8;hugo.moreau@assurplus.fr;2026-01-03 16:57:00;265;connected;5;5. Relance
5495;1001;7;lea.durand@assurplus.fr;2026-01-15 19:40:00;8;no_answer;1;1. Lead Frais
5496;1052;1;marie.dupont@assurplus.fr;2026-01-22 19:34:00;9;faux_numero;3;3. Lead J+3
5497;1099;4;lucas.petit@assurplus.fr;2026-01-06 19:42:00;8;faux_numero;1;1. Lead Frais
5498;1044;8;hugo.moreau@assurplus.fr;2026-01-13 11:37:00;374;connected;5;5. Relance
5499;1068;6;thomas.richard@assurplus.fr;2026-01-04 17:00:00;6;no_answer;1;1. Lead Frais
5500;1087;1;marie.dupont@assurplus.fr;2026-01-25 10:43:00;-22;connected;2;2. Lead J+1
5501;1011;2;jean.martin@assurplus.fr;2026-01-13 10:24:00;12;no_answer;3;3. Lead J+3
5502;1088;4;lucas.petit@assurplus.fr;2026-01-13 17:39:00;10;no_answer;3;3. Lead J+3
5503;10006;3;sophie.bernard@assurplus.fr;2026-01-17 18:50:00;20;faux_numero;2;2. Lead J+1
5504;1011;2;jean.martin@assurplus.fr;2026-01-05 17:31:00;18;no_answer;4;4. RDV Devis
5505;1010;1;marie.dupont@assurplus.fr;2026-01-13 18:45:00;8;no_answer;1;1. Lead Frais
5506;1058;4;lucas.petit@assurplus.fr;2026-01-18 17:39:00;5;no_answer;5;5. Relance
5507;1070;2;jean.martin@assurplus.fr;2026-01-12 19:18:00;17;no_answer;1;1. Lead Frais
5508;1041;2;jean.martin@assurplus.fr;2026-01-04 18:35:00;14;repondeur;2;2. Lead J+1
5509;1004;1;marie.dupont@assurplus.fr;2026-01-24 18:17:00;21;messagerie;1;1. Lead Frais
5510;1133;8;hugo.moreau@assurplus.fr;2026-01-12 17:04:00;17;busy;3;3. Lead J+3
5511;1113;7;lea.durand@assurplus.fr;2026-01-18 16:39:00;435;connected;3;3. Lead J+3
5512;1098;3;sophie.bernard@assurplus.fr;2026-01-02 18:39:00;233;connected;1;1. Lead Frais
5513;1067;5;emma.robert@assurplus.fr;2026-01-14 13:42:00;598;connected;3;3. Lead J+3
5514;1051;8;hugo.moreau@assurplus.fr;2026-01-07 17:03:00;577;connected;4;4. RDV Devis
5515;1122;1;marie.dupont@assurplus.fr;2026-01-20 15:38:00;10;messagerie;1;1. Lead Frais
5516;1046;3;sophie.bernard@assurplus.fr;2026-01-08 19:53:00;19;busy;5;5. Relance
5517;1024;3;sophie.bernard@assurplus.fr;2026-01-19 19:12:00;18;no_answer;2;2. Lead J+1
5518;1115;4;lucas.petit@assurplus.fr;2026-01-11 19:00:00;19;busy;2;2. Lead J+1
5519;1032;2;jean.martin@assurplus.fr;2026-01-10 09:02:00;21;messagerie;3;3. Lead J+3
5520;10000;1;marie.dupont@assurplus.fr;2026-01-05 19:21:00;214;connected;1;1. Lead Frais
5521;1073;2;jean.martin@assurplus.fr;2026-01-12 10:40:00;15;no_answer;3;3. Lead J+3
5522;1048;2;jean.martin@assurplus.fr;2026-01-11 15:51:00;10;busy;3;3. Lead J+3
5523;1090;8;hugo.moreau@assurplus.fr;2026-01-16 18:05:00;107;connected;1;1. Lead Frais
5524;1043;2;jean.martin@assurplus.fr;2026-01-03 14:56:00;17;messagerie;4;4. RDV Devis
5525;1097;6;thomas.richard@assurplus.fr;2026-01-12 10:52:00;42;messagerie;5;5. Relance
5526;1138;1;marie.dupont@assurplus.fr;2026-01-09 17:12:00;511;connected;5;5. Relance
5527;1081;6;thomas.richard@assurplus.fr;2026-01-05 18:42:00;19;repondeur;2;2. Lead J+1
5528;1004;1;marie.dupont@assurplus.fr;2026-01-23 17:09:00;5;no_answer;4;4. RDV Devis
5529;1076;1;marie.dupont@assurplus.fr;2026-01-16 16:18:00;79;connected;1;1. Lead Frais
5530;1013;6;thomas.richard@assurplus.fr;2026-01-16 11:30:00;9;no_answer;4;4. RDV Devis
5531;1103;6;thomas.richard@assurplus.fr;2026-01-04 14:00:00;20;no_answer;1;1. Lead Frais
5532;1063;1;marie.dupont@assurplus.fr;2026-01-13 17:41:00;18;no_answer;1;1. Lead Frais
5533;1083;4;lucas.petit@assurplus.fr;2026-01-16 10:27:00;15;repondeur;1;1. Lead Frais
5534;1117;5;emma.robert@assurplus.fr;2026-01-17 19:02:00;11;busy;5;5. Relance
5535;1047;1;marie.dupont@assurplus.fr;2026-01-09 16:30:00;9;no_answer;1;1. Lead Frais
5536;1134;3;sophie.bernard@assurplus.fr;2026-01-09 10:08:00;590;connected;5;5. Relance
5537;1060;1;marie.dupont@assurplus.fr;2026-01-11 18:35:00;20;no_answer;4;4. RDV Devis
5538;1145;1;marie.dupont@assurplus.fr;2026-01-11 09:21:00;6;no_answer;4;4. RDV Devis
5539;1129;4;lucas.petit@assurplus.fr;2026-01-15 18:17:00;61;connected;1;1. Lead Frais
5540;1136;7;lea.durand@assurplus.fr;2026-01-20 13:33:00;5;busy;3;3. Lead J+3
5541;1133;5;emma.robert@assurplus.fr;2026-01-05 18:36:00;435;connected;2;2. Lead J+1
5542;1033;4;lucas.petit@assurplus.fr;2026-01-14 18:23:00;7;faux_numero;2;2. Lead J+1
5543;1114;3;sophie.bernard@assurplus.fr;2026-01-16 09:02:00;43;messagerie;4;4. RDV Devis
5544;1060;2;jean.martin@assurplus.fr;2026-01-13 18:46:00;7;busy;5;5. Relance
5545;1007;4;lucas.petit@assurplus.fr;2026-01-08 18:22:00;5;busy;3;3. Lead J+3
5546;1102;3;sophie.bernard@assurplus.fr;2026-01-06 17:24:00;9;busy;1;1. Lead Frais
5547;1079;2;jean.martin@assurplus.fr;2026-01-08 17:49:00;590;connected;5;5. Relance
5548;1134;3;sophie.bernard@assurplus.fr;2026-01-12 11:46:00;20;busy;2;2. Lead J+1
5549;1049;2;jean.martin@assurplus.fr;2026-01-12 18:57:00;13;no_answer;5;5. Relance
5550;1081;6;thomas.richard@assurplus.fr;2026-01-04 11:00:00;6;no_answer;4;4. RDV Devis
5551;1141;6;thomas.richard@assurplus.fr;2026-01-17 16:15:00;11;busy;3;3. Lead J+3
5552;1083;4;lucas.petit@assurplus.fr;2026-01-10 16:26:00;7;faux_numero;2;2. Lead J+1
5553;1017;2;jean.martin@assurplus.fr;2026-01-12 19:25:00;598;connected;4;4. RDV Devis
5554;1019;6;thomas.richard@assurplus.fr;2026-01-19 18:14:00;17;busy;2;2. Lead J+1
5555;1026;5;emma.robert@assurplus.fr;2026-01-06 09:15:00;6;no_answer;5;5. Relance
5556;10008;1;marie.dupont@assurplus.fr;2026-01-23 17:12:00;17;no_answer;2;2. Lead J+1
5557;1047;1;marie.dupont@assurplus.fr;2026-01-09 15:12:00;520;connected;2;2. Lead J+1
5558;1083;2;jean.martin@assurplus.fr;2026-01-19 09:11:00;40;messagerie;4;4. RDV Devis
5559;1066;2;jean.martin@assurplus.fr;2026-01-17 09:59:00;544;connected;5;5. Relance
5560;1041;2;jean.martin@assurplus.fr;2026-01-08 16:11:00;194;connected;5;5. Relance
5561;1134;3;sophie.bernard@assurplus.fr;2026-01-17 14:01:00;65;connected;3;3. Lead J+3
5562;1065;8;hugo.moreau@assurplus.fr;2026-01-17 18:31:00;20;no_answer;4;4. RDV Devis
5563;1103;6;thomas.richard@assurplus.fr;2026-01-07 13:18:00;39;messagerie;5;5. Relance
5564;1010;1;marie.dupont@assurplus.fr;2026-01-09 19:10:00;268;connected;3;3. Lead J+3
5565;1043;2;jean.martin@assurplus.fr;2026-01-06 11:56:00;18;no_answer;3;3. Lead J+3
5566;1073;2;jean.martin@assurplus.fr;2026-01-06 17:01:00;14;no_answer;5;5. Relance
5567;1081;6;thomas.richard@assurplus.fr;2026-01-06 13:14:00;17;busy;3;3. Lead J+3
5568;1138;2;jean.martin@assurplus.fr;2026-01-11 19:36:00;5;no_answer;3;3. Lead J+3
5569;1074;1;marie.dupont@assurplus.fr;2026-01-04 18:01:00;13;no_answer;5;5. Relance
5570;1088;4;lucas.petit@assurplus.fr;2026-01-15 19:47:00;584;connected;3;3. Lead J+3
5571;1049;3;sophie.bernard@assurplus.fr;2026-01-14 19:00:00;54;connected;3;3. Lead J+3
5572;1087;1;marie.dupont@assurplus.fr;2026-01-18 19:30:00;195;connected;5;5. Relance
5573;1114;3;sophie.bernard@assurplus.fr;2026-01-11 19:41:00;18;no_answer;3;3. Lead J+3
5574;1047;1;marie.dupont@assurplus.fr;2026-01-15 15:46:00;10;faux_numero;3;3. Lead J+3
5575;1097;7;lea.durand@assurplus.fr;2026-01-07 19:57:00;154;connected;5;5. Relance
5576;1128;1;marie.dupont@assurplus.fr;2026-01-08 19:06:00;433;connected;4;4. RDV Devis
5577;1010;1;marie.dupont@assurplus.fr;2026-01-04 19:22:00;399;connected;5;5. Relance
5578;1078;1;marie.dupont@assurplus.fr;2026-01-09 18:32:00;5;busy;3;3. Lead J+3
5579;1103;1;marie.dupont@assurplus.fr;2026-01-11 12:05:00;25;messagerie;1;1. Lead Frais
5580;1058;4;lucas.petit@assurplus.fr;2026-01-18 17:41:00;5;no_answer;4;4. RDV Devis
5581;1052;1;marie.dupont@assurplus.fr;2026-01-15 19:09:00;225;connected;1;1. Lead Frais
5582;1062;8;hugo.moreau@assurplus.fr;2026-01-20 10:24:00;505;connected;3;3. Lead J+3
5583;1109;6;thomas.richard@assurplus.fr;2026-01-07 17:23:00;44;messagerie;4;4. RDV Devis
5584;1147;4;lucas.petit@assurplus.fr;2026-01-07 13:20:00;355;connected;4;4. RDV Devis
5585;1056;8;hugo.moreau@assurplus.fr;2026-01-09 17:53:00;15;busy;1;1. Lead Frais
5586;1028;6;thomas.richard@assurplus.fr;2026-01-24 19:58:00;9;no_answer;1;1. Lead Frais
5587;1011;5;emma.robert@assurplus.fr;2026-01-03 09:15:00;536;connected;5;5. Relance
5588;1006;;;2026-01-16 15:30:00;38;repondeur;5;5. Relance
5589;1083;7;lea.durand@assurplus.fr;2026-01-19 19:06:00;30;messagerie;5;5. Relance
5590;1091;5;emma.robert@assurplus.fr;2026-01-10 10:55:00;59;connected;2;2. Lead J+1
5591;1048;2;jean.martin@assurplus.fr;2026-01-18 18:57:00;263;connected;1;1. Lead Frais
5592;1029;7;lea.durand@assurplus.fr;2026-01-08 19:50:00;32;messagerie;4;4. RDV Devis
5593;1101;8;hugo.moreau@assurplus.fr;2026-01-11 18:37:00;16;no_answer;1;1. Lead Frais
5594;1006;4;lucas.petit@assurplus.fr;2026-01-10 17:21:00;16;busy;4;4. RDV Devis
5595;1128;1;marie.dupont@assurplus.fr;2026-01-17 10:48:00;275;connected;4;4. RDV Devis
5596;1056;8;hugo.moreau@assurplus.fr;2026-01-13 18:15:00;380;connected;5;5. Relance
5597;1143;7;lea.durand@assurplus.fr;2026-01-17 17:27:00;18;busy;2;2. Lead J+1
5598;1145;8;hugo.moreau@assurplus.fr;2026-01-17 10:44:00;11;faux_numero;4;4. RDV Devis
5599;1036;5;emma.robert@assurplus.fr;2026-01-10 14:20:00;7;no_answer;4;4. RDV Devis
5600;1099;4;fake.email@assurplus.fr;2026-01-10 18:59:00;503;connected;2;2. Lead J+1
5601;1111;3;sophie.bernard@assurplus.fr;2026-01-07 12:15:00;15;faux_numero;2;2. Lead J+1
5602;1008;1;marie.dupont@assurplus.fr;2026-01-11 16:44:00;10;no_answer;5;5. Relance
5603;1081;6;thomas.richard@assurplus.fr;2026-01-07 10:58:00;118;connected;3;3. Lead J+3
5604;1033;4;lucas.petit@assurplus.fr;2026-01-10 10:59:00;255;connected;4;4. RDV Devis
5605;1019;6;thomas.richard@assurplus.fr;2026-01-21 19:36:00;171;connected;3;3. Lead J+3
5606;1036;5;emma.robert@assurplus.fr;2026-01-16 18:25:00;5;no_answer;2;2. Lead J+1
5607;1083;4;lucas.petit@assurplus.fr;2026-01-11 17:09:00;20;no_answer;4;4. RDV Devis
5608;1108;5;emma.robert@assurplus.fr;2026-01-23 19:56:00;14;messagerie;1;1. Lead Frais
5609;1066;2;jean.martin@assurplus.fr;2026-01-12 19:49:00;7;no_answer;1;1. Lead Frais
5610;1094;3;sophie.bernard@assurplus.fr;2026-01-16 16:45:00;11;no_answer;5;5. Relance
5611;1054;8;hugo.moreau@assurplus.fr;2026-01-13 16:33:00;531;connected;2;2. Lead J+1
5612;1013;6;thomas.richard@assurplus.fr;2026-01-22 11:24:00;39;messagerie;2;2. Lead J+1
5613;1100;3;sophie.bernard@assurplus.fr;2026-01-20 18:55:00;20;messagerie;1;1. Lead Frais
5614;1016;3;sophie.bernard@assurplus.fr;2026-01-14 11:31:00;10;messagerie;1;1. Lead Frais
5615;1003;2;jean.martin@assurplus.fr;2026-01-19 19:58:00;320;connected;1;1. Lead Frais
5616;1000;8;hugo.moreau@assurplus.fr;2026-01-11 19:40:00;10;no_answer;4;4. RDV Devis
5617;1071;7;lea.durand@assurplus.fr;2026-01-17 16:18:00;597;connected;3;3. Lead J+3
5618;1005;2;jean.martin@assurplus.fr;2026-01-16 13:08:00;10;busy;1;1. Lead Frais
5619;1030;4;lucas.petit@assurplus.fr;2026-01-13 11:48:00;37;messagerie;2;2. Lead J+1
5620;1064;6;thomas.richard@assurplus.fr;2026-01-15 16:25:00;17;no_answer;3;3. Lead J+3
5621;1113;4;lucas.petit@assurplus.fr;2026-01-15 14:32:00;20;no_answer;5;5. Relance
5622;1004;1;marie.dupont@assurplus.fr;2026-01-22 14:46:00;42;messagerie;5;5. Relance
5623;1005;2;jean.martin@assurplus.fr;2026-01-12 17:56:00;449;connected;3;3. Lead J+3
5624;1060;1;marie.dupont@assurplus.fr;2026-01-06 16:33:00;13;busy;3;3. Lead J+3
5625;1066;2;jean.martin@assurplus.fr;2026-01-10 09:11:00;19;no_answer;4;4. RDV Devis
5626;1105;1;marie.dupont@assurplus.fr;2026-01-17 19:50:00;5;busy;1;1. Lead Frais
5627;1061;2;jean.martin@assurplus.fr;2026-01-14 19:10:00;25;messagerie;4;4. RDV Devis
5628;1139;1;marie.dupont@assurplus.fr;2026-01-17 19:51:00;14;faux_numero;4;4. RDV Devis
5629;1086;5;emma.robert@assurplus.fr;2026-01-24 17:23:00;33;connected;3;3. Lead J+3
5630;1088;4;lucas.petit@assurplus.fr;2026-01-13 11:17:00;79;connected;4;4. RDV Devis
5631;1059;1;marie.dupont@assurplus.fr;2026-01-12 17:57:00;96;connected;5;5. Relance
5632;1105;2;jean.martin@assurplus.fr;2026-01-13 18:45:00;445;connected;5;5. Relance
5633;1123;5;emma.robert@assurplus.fr;2026-01-14 18:10:00;15;no_answer;4;4. RDV Devis
5634;1088;4;lucas.petit@assurplus.fr;2026-01-12 10:47:00;54;connected;1;1. Lead Frais
5635;1100;3;sophie.bernard@assurplus.fr;2026-01-18 18:09:00;37;messagerie;5;5. Relance
5636;1085;7;lea.durand@assurplus.fr;2026-01-13 10:04:00;14;no_answer;3;3. Lead J+3
5637;1030;4;lucas.petit@assurplus.fr;2026-01-03 18:50:00;7;busy;3;3. Lead J+3
5638;1023;8;hugo.moreau@assurplus.fr;2026-01-18 13:30:00;13;no_answer;5;5. Relance
5639;1144;8;hugo.moreau@assurplus.fr;2026-01-01 16:17:00;10;repondeur;5;5. Relance
5640;10002;4;lucas.petit@assurplus.fr;2026-01-20 13:22:00;5;busy;1;1. Lead Frais
5641;1117;5;emma.robert@assurplus.fr;2026-01-19 19:57:00;5;no_answer;1;1. Lead Frais
5642;1115;3;sophie.bernard@assurplus.fr;2026-01-06 14:29:00;7;no_answer;3;3. Lead J+3
5643;1122;1;marie.dupont@assurplus.fr;2026-01-16 10:52:00;376;connected;4;4. RDV Devis
5644;1009;6;thomas.richard@assurplus.fr;2026-01-21 09:22:00;5;faux_numero;3;3. Lead J+3
5645;1014;6;thomas.richard@assurplus.fr;2026-01-12 09:01:00;33;repondeur;1;1. Lead Frais
5646;1135;8;hugo.moreau@assurplus.fr;2026-01-06 17:12:00;13;no_answer;5;5. Relance
5647;1096;8;hugo.moreau@assurplus.fr;2026-01-13 19:20:00;16;busy;2;2. Lead J+1
5648;1050;3;sophie.bernard@assurplus.fr;2026-01-08 14:01:00;519;connected;3;3. Lead J+3
5649;1104;6;thomas.richard@assurplus.fr;2026-01-09 16:26:00;9;faux_numero;5;5. Relance
5650;1106;4;lucas.petit@assurplus.fr;2026-01-06 17:42:00;10;no_answer;2;2. Lead J+1
5651;1059;1;marie.dupont@assurplus.fr;2026-01-17 18:40:00;14;no_answer;4;4. RDV Devis
5652;1137;5;emma.robert@assurplus.fr;2026-01-13 09:48:00;14;no_answer;1;1. Lead Frais
5653;1023;8;hugo.moreau@assurplus.fr;2026-01-16 16:00:00;9;no_answer;1;1. Lead Frais
5654;1025;7;lea.durand@assurplus.fr;2026-01-06 18:15:00;13;faux_numero;3;3. Lead J+3
5655;1138;1;marie.dupont@assurplus.fr;2026-01-12 19:45:00;7;no_answer;4;4. RDV Devis
5656;1077;3;sophie.bernard@assurplus.fr;2026-01-10 18:10:00;516;connected;4;4. RDV Devis
5657;1099;4;lucas.petit@assurplus.fr;2026-01-11 09:07:00;12;faux_numero;2;2. Lead J+1
5658;1140;2;jean.martin@assurplus.fr;2026-01-13 15:45:00;11;no_answer;2;2. Lead J+1
5659;1144;8;hugo.moreau@assurplus.fr;2026-01-04 19:11:00;10;no_answer;1;1. Lead Frais
5660;1067;5;emma.robert@assurplus.fr;2026-01-10 16:24:00;12;no_answer;2;2. Lead J+1
5661;1074;1;marie.dupont@assurplus.fr;2026-01-11 18:22:00;13;messagerie;2;2. Lead J+1
5662;1053;6;thomas.richard@assurplus.fr;2026-01-07 14:30:00;56;connected;2;2. Lead J+1
5663;1057;8;hugo.moreau@assurplus.fr;2026-01-17 17:08:00;410;connected;1;1. Lead Frais
5664;1026;5;emma.robert@assurplus.fr;2026-01-07 09:27:00;8;busy;1;1. Lead Frais
5665;1148;3;sophie.bernard@assurplus.fr;2026-01-09 19:16:00;490;connected;2;2. Lead J+1
5666;1007;5;emma.robert@assurplus.fr;2026-01-08 14:37:00;216;connected;5;5. Relance
5667;1071;7;lea.durand@assurplus.fr;2026-01-18 19:49:00;5;no_answer;3;3. Lead J+3
5668;1091;5;emma.robert@assurplus.fr;2026-01-10 10:56:00;6;no_answer;3;3. Lead J+3
5669;1043;2;jean.martin@assurplus.fr;2026-01-01 15:19:00;11;no_answer;5;5. Relance
5670;1111;6;thomas.richard@assurplus.fr;2026-01-15 17:44:00;11;faux_numero;4;4. RDV Devis
5671;1146;2;jean.martin@assurplus.fr;2026-01-16 19:24:00;20;messagerie;5;5. Relance
5672;1068;6;thomas.richard@assurplus.fr;2026-01-08 09:09:00;14;no_answer;1;1. Lead Frais
5673;1037;4;lucas.petit@assurplus.fr;2026-01-06 13:20:00;256;connected;1;1. Lead Frais
5674;1028;6;thomas.richard@assurplus.fr;2026-01-25 18:31:00;16;no_answer;3;3. Lead J+3
5675;1085;7;lea.durand@assurplus.fr;2026-01-16 09:21:00;45;messagerie;3;3. Lead J+3
5676;1135;5;emma.robert@assurplus.fr;2026-01-07 12:46:00;43;connected;4;4. RDV Devis
5677;1063;1;marie.dupont@assurplus.fr;2026-01-10 19:08:00;18;faux_numero;3;3. Lead J+3
5678;1117;5;emma.robert@assurplus.fr;2026-01-11 18:44:00;403;connected;4;4. RDV Devis
5679;1032;1;marie.dupont@assurplus.fr;2026-01-13 18:21:00;448;connected;3;3. Lead J+3
5680;1025;5;emma.robert@assurplus.fr;2026-01-06 10:30:00;13;no_answer;2;2. Lead J+1
5681;1053;6;thomas.richard@assurplus.fr;2026-01-06 11:58:00;105;connected;2;2. Lead J+1
5682;1049;3;sophie.bernard@assurplus.fr;2026-01-11 19:09:00;489;connected;1;1. Lead Frais
5683;1142;6;thomas.richard@assurplus.fr;2026-01-15 11:41:00;18;no_answer;1;1. Lead Frais
5684;1120;6;thomas.richard@assurplus.fr;2026-01-09 17:28:00;391;connected;3;3. Lead J+3
5685;1131;2;jean.martin@assurplus.fr;2026-01-19 19:59:00;260;connected;4;4. RDV Devis
5686;1092;4;lucas.petit@assurplus.fr;2026-01-17 16:36:00;388;connected;1;1. Lead Frais
5687;1029;7;lea.durand@assurplus.fr;2026-01-14 11:19:00;8;no_answer;1;1. Lead Frais
5688;1078;1;marie.dupont@assurplus.fr;2026-01-18 16:32:00;119;connected;2;2. Lead J+1
5689;1043;2;jean.martin@assurplus.fr;2026-01-05 12:55:00;572;connected;2;2. Lead J+1
5690;1013;6;thomas.richard@assurplus.fr;2026-01-23 19:13:00;11;no_answer;1;1. Lead Frais
5691;1013;6;thomas.richard@assurplus.fr;2026-01-20 18:14:00;28;messagerie;4;4. RDV Devis
5692;1074;1;marie.dupont@assurplus.fr;2026-01-03 11:07:00;595;connected;3;3. Lead J+3
5693;1091;5;emma.robert@assurplus.fr;2026-01-17 17:13:00;528;connected;1;1. Lead Frais
5694;1034;2;jean.martin@assurplus.fr;2026-01-07 17:20:00;296;connected;3;3. Lead J+3
5695;1037;4;lucas.petit@assurplus.fr;2026-01-13 17:44:00;30;repondeur;4;4. RDV Devis
5696;1062;8;hugo.moreau@assurplus.fr;2026-01-15 10:59:00;17;no_answer;4;4. RDV Devis
5697;1020;7;lea.durand@assurplus.fr;2026-01-11 19:02:00;289;connected;5;5. Relance
5698;1024;2;jean.martin@assurplus.fr;2026-01-15 19:55:00;277;connected;1;1. Lead Frais
5699;1119;2;jean.martin@assurplus.fr;2026-01-14 19:15:00;583;connected;4;4. RDV Devis
5700;1113;7;lea.durand@assurplus.fr;2026-01-11 11:17:00;7;busy;4;4. RDV Devis
5701;1114;3;sophie.bernard@assurplus.fr;2026-01-10 19:01:00;293;connected;3;3. Lead J+3
5702;1025;5;emma.robert@assurplus.fr;2026-01-13 09:42:00;14;no_answer;3;3. Lead J+3
5703;1140;1;marie.dupont@assurplus.fr;2026-01-16 19:00:00;472;connected;5;5. Relance
5704;1027;6;thomas.richard@assurplus.fr;2026-01-16 17:58:00;15;no_answer;3;3. Lead J+3
5705;1089;5;emma.robert@assurplus.fr;2026-01-06 17:05:00;18;no_answer;4;4. RDV Devis
5706;1126;7;lea.durand@assurplus.fr;2026-01-04 19:51:00;354;connected;3;3. Lead J+3
5707;1074;1;marie.dupont@assurplus.fr;2026-01-02 17:07:00;10;no_answer;4;4. RDV Devis
5708;1145;4;lucas.petit@assurplus.fr;2026-01-11 17:11:00;35;messagerie;4;4. RDV Devis
5709;1017;2;jean.martin@assurplus.fr;2026-01-11 11:24:00;9;no_answer;5;5. Relance
5710;1098;3;sophie.bernard@assurplus.fr;2026-01-07 13:26:00;14;no_answer;5;5. Relance
5711;1045;3;sophie.bernard@assurplus.fr;2026-01-06 11:51:00;364;connected;5;5. Relance
5712;1143;7;lea.durand@assurplus.fr;2026-01-16 13:29:00;528;connected;3;3. Lead J+3
5713;1069;5;emma.robert@assurplus.fr;2026-01-14 19:34:00;7;no_answer;2;2. Lead J+1
5714;1004;1;marie.dupont@assurplus.fr;2026-01-22 17:03:00;489;connected;1;1. Lead Frais
5715;1032;1;marie.dupont@assurplus.fr;2026-01-13 11:55:00;84;connected;5;5. Relance
5716;1033;4;lucas.petit@assurplus.fr;2026-01-13 19:27:00;17;no_answer;4;4. RDV Devis
5717;1010;1;marie.dupont@assurplus.fr;2026-01-09 17:10:00;13;no_answer;1;1. Lead Frais
5718;1052;1;marie.dupont@assurplus.fr;2026-01-17 16:58:00;34;messagerie;2;2. Lead J+1
5719;1135;5;emma.robert@assurplus.fr;2026-01-07 19:33:00;181;connected;3;3. Lead J+3
5720;1106;4;lucas.petit@assurplus.fr;2026-01-13 12:12:00;145;connected;2;2. Lead J+1
5721;1032;1;marie.dupont@assurplus.fr;2026-01-07 18:43:00;18;no_answer;2;2. Lead J+1
5722;1019;6;thomas.richard@assurplus.fr;2026-01-22 18:53:00;15;no_answer;5;5. Relance
5723;1118;4;lucas.petit@assurplus.fr;2026-01-13 09:21:00;44;messagerie;5;5. Relance
5724;1058;4;lucas.petit@assurplus.fr;2026-01-23 13:17:00;21;messagerie;5;5. Relance
5725;1148;6;thomas.richard@assurplus.fr;2026-01-09 19:10:00;7;no_answer;1;1. Lead Frais
5726;1149;2;jean.martin@assurplus.fr;2026-01-11 19:23:00;16;busy;5;5. Relance
5727;1122;1;marie.dupont@assurplus.fr;2026-01-12 09:54:00;39;messagerie;2;2. Lead J+1
5728;1123;6;thomas.richard@assurplus.fr;2026-01-07 18:26:00;5;no_answer;2;2. Lead J+1
5729;1003;2;jean.martin@assurplus.fr;2026-01-20 10:31:00;18;busy;4;4. RDV Devis
5730;1143;8;hugo.moreau@assurplus.fr;2026-01-13 18:38:00;471;connected;3;3. Lead J+3
5731;1106;4;lucas.petit@assurplus.fr;2026-01-10 17:53:00;397;connected;5;5. Relance
5732;1010;1;marie.dupont@assurplus.fr;2026-01-13 17:01:00;24;messagerie;2;2. Lead J+1
5733;10005;6;thomas.richard@assurplus.fr;2026-01-16 18:02:00;19;busy;2;2. Lead J+1
5734;1143;7;lea.durand@assurplus.fr;2026-01-08 11:25:00;24;messagerie;1;1. Lead Frais
5735;1030;4;lucas.petit@assurplus.fr;2026-01-04 18:13:00;40;messagerie;5;5. Relance
5736;1027;2;jean.martin@assurplus.fr;2026-01-10 18:31:00;199;connected;1;1. Lead Frais
5737;1024;2;jean.martin@assurplus.fr;2026-01-19 11:16:00;9;no_answer;4;4. RDV Devis
5738;1024;2;jean.martin@assurplus.fr;2026-01-23 10:36:00;17;faux_numero;2;2. Lead J+1
5739;1114;3;sophie.bernard@assurplus.fr;2026-01-20 19:07:00;370;connected;5;5. Relance
5740;1047;2;jean.martin@assurplus.fr;2026-01-14 18:54:00;12;no_answer;5;5. Relance
5741;1117;5;emma.robert@assurplus.fr;2026-01-13 10:56:00;13;no_answer;3;3. Lead J+3
5742;1059;1;marie.dupont@assurplus.fr;2026-01-20 17:55:00;16;faux_numero;1;1. Lead Frais
5743;10001;7;lea.durand@assurplus.fr;2026-01-09 17:01:00;15;busy;1;1. Lead Frais
5744;1011;5;emma.robert@assurplus.fr;2026-01-03 18:40:00;10;busy;3;3. Lead J+3
5745;1031;4;lucas.petit@assurplus.fr;2026-01-18 18:01:00;12;busy;5;5. Relance
5746;1131;2;jean.martin@assurplus.fr;2026-01-21 17:23:00;11;no_answer;4;4. RDV Devis
5747;1071;5;emma.robert@assurplus.fr;2026-01-20 12:07:00;194;connected;4;4. RDV Devis
5748;1140;2;jean.martin@assurplus.fr;2026-01-15 19:44:00;14;no_answer;3;3. Lead J+3
5749;1110;7;lea.durand@assurplus.fr;2026-01-15 19:04:00;6;faux_numero;5;5. Relance
5750;1009;4;lucas.petit@assurplus.fr;2026-01-16 18:26:00;15;repondeur;3;3. Lead J+3
5751;1097;6;thomas.richard@assurplus.fr;2026-01-08 19:31:00;12;no_answer;4;4. RDV Devis
5752;1084;2;jean.martin@assurplus.fr;2026-01-18 19:38:00;33;messagerie;1;1. Lead Frais
5753;1030;4;lucas.petit@assurplus.fr;2026-01-05 19:44:00;13;no_answer;4;4. RDV Devis
5754;1104;6;thomas.richard@assurplus.fr;2026-01-03 19:00:00;16;no_answer;1;1. Lead Frais
5755;1104;6;thomas.richard@assurplus.fr;2026-01-10 09:36:00;170;connected;5;5. Relance
5756;1036;5;emma.robert@assurplus.fr;2026-01-11 11:28:00;23;messagerie;1;1. Lead Frais
5757;1135;5;emma.robert@assurplus.fr;2026-01-08 12:31:00;231;connected;4;4. RDV Devis
5758;1066;2;jean.martin@assurplus.fr;2026-01-19 10:48:00;26;messagerie;2;2. Lead J+1
5759;1028;6;thomas.richard@assurplus.fr;2026-01-22 10:25:00;14;busy;3;3. Lead J+3
5760;1054;8;hugo.moreau@assurplus.fr;2026-01-14 18:50:00;18;no_answer;5;5. Relance
5761;1013;2;jean.martin@assurplus.fr;2026-01-17 09:24:00;9;no_answer;1;1. Lead Frais
5762;1122;1;marie.dupont@assurplus.fr;2026-01-18 11:44:00;5;busy;4;4. RDV Devis
5763;1028;6;thomas.richard@assurplus.fr;2026-01-20 19:29:00;18;no_answer;2;2. Lead J+1
5764;1058;4;lucas.petit@assurplus.fr;2026-01-16 15:49:00;8;no_answer;1;1. Lead Frais
5765;1068;6;thomas.richard@assurplus.fr;2026-01-09 18:29:00;41;messagerie;5;5. Relance
5766;1054;8;hugo.moreau@assurplus.fr;2026-01-09 11:28:00;17;faux_numero;4;4. RDV Devis
5767;1089;5;emma.robert@assurplus.fr;2026-01-06 15:18:00;18;no_answer;2;2. Lead J+1
5768;1082;8;hugo.moreau@assurplus.fr;2026-01-07 15:44:00;219;connected;4;4. RDV Devis
5769;1006;4;lucas.petit@assurplus.fr;2026-01-11 10:28:00;11;no_answer;4;4. RDV Devis
5770;1098;3;sophie.bernard@assurplus.fr;2026-01-05 19:45:00;5;no_answer;3;3. Lead J+3
5771;1089;5;emma.robert@assurplus.fr;2026-01-10 17:15:00;43;connected;4;4. RDV Devis
5772;1035;3;sophie.bernard@assurplus.fr;2026-01-20 17:23:00;17;no_answer;4;4. RDV Devis
5773;1078;1;marie.dupont@assurplus.fr;2026-01-15 18:48:00;10;messagerie;4;4. RDV Devis
5774;1046;3;sophie.bernard@assurplus.fr;2026-01-15 17:41:00;329;connected;3;3. Lead J+3
5775;1005;2;jean.martin@assurplus.fr;2026-01-17 17:51:00;18;busy;1;1. Lead Frais
5776;1018;3;sophie.bernard@assurplus.fr;2026-01-04 09:45:00;284;connected;3;3. Lead J+3
5777;1026;5;emma.robert@assurplus.fr;2026-01-10 11:49:00;236;connected;3;3. Lead J+3
5778;1133;5;emma.robert@assurplus.fr;2026-01-05 18:20:00;22;messagerie;2;2. Lead J+1
5779;1130;3;sophie.bernard@assurplus.fr;2026-01-07 10:08:00;173;connected;4;4. RDV Devis
5780;1120;;;2026-01-04 17:34:00;6;no_answer;5;5. Relance
5781;1062;3;sophie.bernard@assurplus.fr;2026-01-18 17:59:00;108;connected;4;4. RDV Devis
5782;1101;8;hugo.moreau@assurplus.fr;2026-01-12 16:59:00;13;repondeur;1;1. Lead Frais
5783;10004;4;lucas.petit@assurplus.fr;2026-01-11 10:15:00;487;connected;2;2. Lead J+1
5784;1138;1;marie.dupont@assurplus.fr;2026-01-10 19:09:00;17;no_answer;1;1. Lead Frais
5785;1022;4;lucas.petit@assurplus.fr;2026-01-09 17:59:00;428;connected;3;3. Lead J+3
5786;1112;7;lea.durand@assurplus.fr;2026-01-24 17:45:00;9;busy;5;5. Relance
5787;1081;6;thomas.richard@assurplus.fr;2026-01-04 19:34:00;307;connected;3;3. Lead J+3
5788;1143;7;lea.durand@assurplus.fr;2026-01-12 15:18:00;19;repondeur;1;1. Lead Frais
5789;1116;7;lea.durand@assurplus.fr;2026-01-13 13:40:00;8;busy;3;3. Lead J+3
5790;1009;4;lucas.petit@assurplus.fr;2026-01-21 09:07:00;6;no_answer;5;5. Relance
5791;1028;6;thomas.richard@assurplus.fr;2026-01-17 11:51:00;13;no_answer;4;4. RDV Devis
5792;1059;1;marie.dupont@assurplus.fr;2026-01-19 16:11:00;283;connected;2;2. Lead J+1
5793;1108;5;emma.robert@assurplus.fr;2026-01-19 11:35:00;18;no_answer;2;2. Lead J+1
5794;1044;8;hugo.moreau@assurplus.fr;2026-01-12 18:05:00;18;no_answer;4;4. RDV Devis
5795;1006;4;lucas.petit@assurplus.fr;2026-01-12 18:03:00;343;connected;3;3. Lead J+3
5796;1096;8;hugo.moreau@assurplus.fr;2026-01-09 19:17:00;416;connected;5;5. Relance
5797;1012;2;jean.martin@assurplus.fr;2026-01-11 17:02:00;17;no_answer;4;4. RDV Devis
5798;1063;1;marie.dupont@assurplus.fr;2026-01-15 18:11:00;17;messagerie;5;5. Relance
5799;1105;2;jean.martin@assurplus.fr;2026-01-22 17:03:00;14;no_answer;3;3. Lead J+3
